spill_size,toxicity_level,distance_to_coast,impact
9586.732188925946,2.1033157426942832,229.84925240205067,high
594.9008115430217,5.127164158204172,370.8717526531468,low
8965.79267216102,7.395962513252959,264.9104741896461,high
5362.648333976397,4.287825556328439,265.7474185849585,high
9372.369632115056,5.3557971097133255,374.2668888818502,high
125.0566030425197,2.826672094116238,207.9866963590532,low
6296.64731805849,8.80561274140277,362.8793586258827,high
657.4202309716576,8.079495832980394,7.545025600180258,low
2925.2140263431147,7.954396483297819,277.2958031715519,low
5397.847620888377,8.006235738705943,323.377548200319,high
2028.7116833446532,1.4405428432850391,415.79132713304455,low
9895.13492615944,7.249073986295366,326.8340923286645,high
2257.042779179072,7.05590318445225,269.7841574367306,low
4126.252635676308,2.2104247877767387,23.40761007874514,medium
2317.2394163108447,4.747113882621357,5.707289798030455,low
6545.642496853769,6.605522307563564,490.7227792520133,high
950.6826008827898,0.1770706449113751,269.5389386473437,low
5487.178058671559,6.188277087848949,31.27391310318053,high
9407.814888337043,7.050192536301628,381.231816071881,high
8579.765414052248,4.693327821453339,85.08425801575106,high
2667.5556082688818,0.8503643799778324,402.5127589004011,low
7062.695076519904,9.300805045465518,68.61852810278444,high
1560.232814147606,8.353354209994684,285.2928673041125,low
6256.357702810778,7.791113940004638,260.90831434024227,high
5380.498985491509,4.842159931537828,119.95402548192511,high
7057.5500087672,3.753545623585953,180.7042208521764,high
8525.756032992835,8.64544122234253,152.12921229679438,high
5325.8630911502105,3.846316757765286,79.7003315987344,high
6498.6361358058975,3.464600095037211,228.04467818260687,high
5191.292039014083,3.762226710119761,165.93757169824323,high
3007.691988366898,1.4771542403739428,44.06130381796458,medium
4099.237654925666,4.459056069439455,470.26722533851,medium
7614.655221053225,3.6369191895745465,118.05693620167592,high
8872.127997764008,5.3699839296880505,438.6110929732528,high
1331.492016981057,1.905682300592189,118.60278474801493,low
4950.355779406397,9.816176450073764,480.8362054755832,high
1069.347484223832,5.854547514503919,186.3075548322069,low
613.0558009746427,1.6334776040536314,176.75518724946875,low
637.5244067939924,2.8958705519325645,262.6138977355787,low
4892.329726398577,7.186094080274309,184.4675944605551,high
702.1783006453857,2.936610915002939,353.003848550115,low
4721.9081236071925,5.049045947211207,485.90924633734943,high
181.63193203131644,3.36940272549602,106.17359306579093,low
9916.909782953502,8.900626652813303,115.29238471839712,high
9671.267937502964,5.822568815573793,487.0103434425247,high
9768.439014973555,1.706254883201265,306.01410057813627,high
6122.350741154538,0.9926074451403932,250.86185759176152,high
5737.888115704699,8.282655681429791,92.072031874124,high
8846.336470266118,1.4185106804442034,162.49084296708645,high
394.5638238321458,6.909493692207541,484.24705045588166,low
896.7190464366091,2.8023479945222416,30.23079236565321,low
8976.686798597113,9.262243273439765,352.3547358016333,high
3688.681343837549,2.105172517899744,61.97442754161327,medium
3433.538570526957,8.019223059105268,180.33607933859847,medium
5665.899084527426,3.781232186277151,323.9600239483888,high
3165.064015541893,1.2144645441338435,318.19225884159226,medium
5977.162921368718,6.161693899375505,207.1816339566876,high
3754.566871447777,4.161492360098168,164.85351968084433,medium
1541.5006993091856,8.033623858825072,242.75188287912272,low
7289.741814844182,8.619272008998324,192.46163995341377,high
4437.563350102767,3.810956960095748,492.2765842631477,medium
1259.882652013684,8.722887837624496,415.4449098321249,low
7438.135387585031,7.175617473063098,492.2497741713081,high
3369.25303389308,9.989795245746068,280.03677139834247,medium
3460.0680409219863,4.189342525159418,156.48983956938758,medium
9787.912645506074,8.348958904995142,75.5299984407622,high
4216.615775117206,2.77219799300009,182.6903322975173,medium
5879.917177238206,2.7135011330180494,296.22308702216134,high
6494.715933621182,9.25664629776066,383.7594376620246,high
2124.189776616265,9.74403732041433,251.50597817476103,low
5370.138293563803,3.333759242457574,377.96494438053696,high
7821.818838135646,7.534598201500646,129.04249762224774,high
6078.483466776029,0.1496566085748403,329.5581831696833,high
5254.520529858475,9.314142212129813,15.148824136026008,high
4136.753967971376,2.356911769061863,224.12578729164835,medium
5597.704121869077,9.166410804899527,246.097274426416,high
7637.006347742587,6.598168018891174,216.61390354634017,high
4893.338025381112,0.9474720060476756,321.70544581575973,high
8125.141636653791,8.624421303971888,95.93683417805256,high
4421.568028133765,9.6642361311227,414.2675027876695,medium
1902.443271524196,6.214068341431565,69.35372350249759,low
4539.484800688135,6.780230300778526,497.9335216081512,high
4977.540633188221,0.8331192073641591,354.9636153033632,high
6771.953085137219,4.102740693264239,31.29602511692043,high
6021.455110038311,0.4408983161355456,393.0309525734759,high
1591.0623665989842,3.528556180412231,237.32524199109548,low
4591.788836281439,2.531843438987379,143.92331791046982,high
8661.051995936496,3.341688449916265,201.8516969047656,high
8187.91135016416,7.040233970675896,156.20652300432292,high
7719.241349005236,5.6151015602917695,189.95748225608497,high
3304.1960068678345,7.325571433827839,351.68258412907807,medium
8251.160104177565,9.980886128473728,375.75253919066535,high
8732.179484198627,2.789565773417505,456.4211998793388,high
1435.8785830480838,5.879443036246247,306.64489262670475,low
2132.137928404526,4.939566418514794,76.87701838571418,low
8760.750393704298,1.9722471594468365,420.5354367577968,high
6971.533831061037,1.4435810402280542,52.329589775490135,high
586.2625199343046,2.7025211575487136,285.622837950365,low
2783.589974415463,8.70927354976678,37.37293381628226,low
216.6366055375779,6.360814626452152,234.49855382457605,low
3019.4161452982275,1.7305074388301314,460.5639831316201,medium
4042.0576108160426,7.785183844228506,111.27163376151576,medium
3515.122123792228,3.1152311348284933,302.112191044884,medium
6492.325873230491,3.691112910982968,10.700719928905,high
9409.86066015162,8.255937167295892,212.38606956793757,high
3178.3994451155995,7.677928592220937,75.00103256202398,medium
338.3857256463286,0.611221316887832,217.72112457245663,low
2630.5388764162526,1.4354840150047203,105.1357999740535,low
3284.9490980306373,0.8879437905152142,438.4238892381122,medium
8075.567076567994,3.615151434635053,399.5524453204309,high
9998.873891119698,8.703933210772865,156.69599273214084,high
8809.9963024898,3.361434783804738,253.2266374474856,high
3832.862853573397,3.468436758089405,105.6550367933444,medium
5085.506719218008,4.70353529375764,442.5204746339976,high
9886.418859917192,3.771488405024431,22.981857273482795,high
6934.258826942196,8.42078758370376,440.3980743675782,high
8402.824070770544,1.6732252986879448,160.3884523607164,high
5726.115908469887,7.773482042489517,408.8358422825655,high
2636.292402091729,5.424363335742534,443.6519963575273,low
3353.952381533883,4.472713885919876,343.8864589823044,medium
2141.601470062627,2.848393736074594,458.4274963221456,low
4992.405656397213,3.144940894162528,378.2127598282434,high
9535.40079004969,9.59020766084498,329.97191290566354,high
7596.407179957751,6.681282004285253,384.1422453508804,high
9573.296074112,0.95340319877866,174.19308653209248,high
6017.610091769332,7.368647520760266,249.2909487962969,high
6552.684232942529,6.172437752501065,449.1385111001732,high
1160.0392063221975,4.16845444960749,301.14823989611966,low
8580.827665852403,0.4032195217583875,299.6853226660521,high
9598.645523619269,4.408845535511131,482.0618344911889,high
4988.62903147389,0.6264948604167382,407.20798663837775,high
8692.913756055386,0.8005624360159619,170.4684619960822,high
7102.648575882465,6.711802273542049,470.765010245886,high
5712.9156439794615,7.268807225378048,192.16771785594744,high
8477.225711718038,5.015268864752677,280.7514012550212,high
808.9874724141272,1.6253358416976618,265.3991921987861,low
6779.498664009694,9.688765447663007,376.78167923429527,high
4127.060723278175,9.819749939389096,239.60713911446035,medium
1604.5753025892864,4.77154415475569,320.7056307548674,low
8368.673657544416,0.4285305561252017,108.22927493454274,high
3866.04544393564,6.375000812853477,341.56628365459085,medium
9377.963189214872,4.359383675752601,224.41516770972132,high
838.0609405815534,5.58935708040431,382.1389665106631,low
1401.7486020130505,5.187506166703006,307.6618576889411,low
1041.6645500109837,2.889651222656357,173.91347018594792,low
9822.17229662998,3.881114293848257,86.23431969086168,high
4385.54047746048,1.4501279151450917,184.66943642242865,medium
3127.795141081242,8.14943345481781,75.32361047237757,medium
2218.815853136828,2.5263441187882227,373.0074087861549,low
9600.030117958531,1.3153549687591228,192.8826081996367,high
6628.965301044887,3.4196238814590347,227.7996023262789,high
390.3631428345511,4.566192180159879,97.04283006076756,low
7833.443115081111,3.4180000642913897,98.89371564361608,high
8229.481948261773,6.1856842915909445,353.78842277417493,high
1995.649596806256,9.868655834755142,243.53440154970775,low
3765.691753195772,3.3556180233938906,498.3626787322908,medium
7744.357551045269,8.818175459898482,221.2836450950441,high
3078.1020349659543,2.314788439925892,364.8421117266832,medium
3459.1561363453784,8.697753933670398,56.63251267577167,medium
6875.907915312521,5.747027150958287,327.89482027363835,high
7169.41021976101,0.1548483923422564,476.4461469591853,high
1382.710167858865,1.674306930490164,422.00896413038834,low
8206.795145436981,3.627712283168978,24.54328691818135,high
7084.720934317313,7.799275508790496,299.98832292765434,high
8144.433101327496,5.790381174856149,272.28757424762114,high
8079.312353730784,2.801784675752708,346.59805182780207,high
263.1729769379717,6.458674612688054,111.70672341493216,low
7270.43489006324,4.093422226271724,187.5046487836185,high
8222.81432318189,5.716235228422624,73.42130705181985,high
2550.0326117256186,4.890137584495817,6.61888622385919,low
8551.01656603687,8.639790194170011,239.26162603013705,high
8321.435696584027,2.3522955603658144,429.9363796844925,high
6864.31183016023,4.856259096213899,328.21270078742367,high
1373.6209756908463,1.901903219299208,304.47265923992444,low
5644.9312237523,2.61014900792785,444.65441165026976,high
392.49764273191903,0.9094241415059984,112.62575801026624,low
6498.426548048432,1.4470255671288088,18.613363079126117,high
5268.678817077185,7.198336948191699,109.96238961455668,high
1315.6085462780034,6.269363445360892,235.5442664211229,low
4116.77454341868,0.9969224898796404,140.11902428778288,medium
8073.881767077602,7.731729468733241,87.87117289406382,high
4733.223495669895,2.502549377105253,7.785535384356087,high
6723.776557159405,9.287662402873275,444.36626871825456,high
2716.2796516143508,9.883873902468254,108.79839876999888,low
8650.892535053299,9.664501596679084,48.22685876693267,high
9381.305448735477,0.9469394088355438,434.3853778713586,high
9778.8000856486,3.3658751457871707,366.153233862557,high
6436.093020054608,1.9932425558374245,42.92085585606932,high
9823.071620476312,3.953297778386205,496.1065082950977,high
2883.311557502662,7.611753898190899,371.48475367206856,low
9809.52797577687,0.4358278696636873,131.08059721249205,high
9027.519834516264,7.843184359334053,473.8015079937917,high
9003.397062154812,0.9061675844445806,487.549007960557,high
2507.7907134309985,9.326154622186143,332.71167229473514,low
5365.553030921074,6.647073201132807,291.2236166395305,high
9177.27786090756,3.611432708952924,196.65573687017084,high
4136.122073760549,1.568648921194311,215.15257245551544,medium
6215.849328975619,8.598034610111702,88.98417966831971,high
5400.230282019903,8.22864128811785,65.63756608582574,high
7110.522241256154,2.808938042509513,378.49720121782286,high
9778.57789106727,3.374000856009778,435.65458306534816,high
5924.408599715766,9.847106163154836,304.296006462893,high
708.8059791719575,0.7030334002916766,318.53790786101433,low
4051.317508499861,3.3637963287691117,92.88119650007032,medium
3165.7782794436844,9.380680280328622,245.2187594812804,medium
5435.689259180489,6.939946515772451,31.081238269945445,high
7635.463427580246,3.9576630296463255,472.4510358843455,high
3379.972919526897,1.442259417651809,483.4531590816029,medium
1118.002770535977,2.541161242812773,261.10790526470083,low
7844.547143747823,5.180912253219858,387.57099325973,high
8699.216132714688,8.610955563772018,478.105928210291,high
7995.134489695576,8.604045643999074,267.94173551344755,high
5003.758176165058,5.615181787899086,95.73416986114638,high
1806.064096632084,1.595312316355468,309.3627436027014,low
4588.752513023711,3.6190151814882343,399.2411460970845,high
627.8369140052782,2.282341096767487,289.71936378837177,low
8372.943759864782,9.595004333925951,396.0092580711078,high
5374.372781256278,2.2346333010671797,176.77803270717294,high
2872.076912715112,0.6122092804007256,78.42087791404595,low
7750.568224085882,3.279424972372149,430.6365275714539,high
1475.8406118737266,9.181598417459426,104.77974702595824,low
3486.7891162067203,1.7959866837678182,455.1936659259767,medium
5598.142203431579,3.184142797895358,484.6883710925033,high
8594.794558953648,3.0675679270354657,407.9369018508527,high
6159.970233603125,3.753121596021751,196.977360284271,high
6993.711270336543,2.8388014350516904,151.66686382803735,high
1739.519517856534,8.873087987674044,381.5728730914942,low
8198.369031364982,1.7806113928861338,334.1468596667697,high
1097.6964281983728,1.8575333906927052,114.5497392035644,low
8828.473293227164,4.567424794170281,428.3720114846778,high
1905.6751088010035,9.543076826337552,122.45579750773364,low
3802.014420560413,8.80054535017654,489.9744229929191,medium
5052.312448698018,7.007840811355504,194.4492277343814,high
7575.628050250061,5.153779415738634,385.6964475606616,high
5436.56398590017,7.8241369671491805,462.3002499111829,high
2164.655459422678,1.1969301167935535,306.0706265178047,low
8621.834895070744,0.8004269719890612,328.0441718242936,high
6636.267391735909,3.138605318173065,212.2628046493248,high
5788.572913488216,7.925906045634421,372.9243317013476,high
2947.067747606569,6.179725092390647,209.46376570380343,low
7494.681161464024,6.896987680990592,413.185795235802,high
8266.036545679584,1.34620104023452,487.9376666069357,high
9375.938082584536,3.736710575038973,400.1260576271465,high
8932.335403252486,7.017911152656637,180.76035673100893,high
2714.264195745372,6.124143591966018,116.24276037054804,low
6943.636448103482,7.960495624795524,88.97820601258202,high
9284.371782252569,5.81911447798963,329.1943008912853,high
2053.6779740772417,9.189724194294774,460.6183055304664,low
548.775117723027,7.60906551089689,19.439269968639096,low
423.20407039955006,6.464495539095768,384.06640515921976,low
5858.46066076922,4.885980350663908,98.45640799814376,high
5791.222418462016,2.3522965650978938,203.40421024127645,high
921.682658785088,7.175128143259124,375.9439323231345,low
8435.500811823362,6.1464541795822045,228.83913548207408,high
1848.3517057297688,5.67136130865543,252.4534876753912,low
2189.9735076767065,8.678016746284102,212.14651851193744,low
1852.4702280047445,1.7197832399638622,483.0265596495883,low
8030.54308023718,6.970789275479833,220.38848717193324,high
1219.9282178883404,5.917108571415441,227.9078534838327,low
8744.56798854444,6.161543666134557,475.5947100402795,high
235.36027006320967,0.2401058889189744,376.549515234413,low
9123.806405109452,9.403803174777508,133.8404023229212,high
3584.1897240114445,0.9970527257337054,262.5286488650093,medium
924.929523649598,5.946778090481602,337.1038652226744,low
5158.293539999971,3.4018725314225158,333.052145161197,high
1163.5697165860925,8.811828341747653,265.4865982014404,low
3639.692626744401,5.446923563384494,326.95348175086946,medium
4506.414125892672,6.542204477203351,229.044622176448,high
7946.358303794653,3.604092356528086,13.2297579045358,high
6793.763243850176,9.073099069832471,470.5677435687434,high
5834.711006292388,2.1193535795257463,434.2985795828848,high
1602.9671842566695,2.9213166343136883,358.51701845464726,low
2341.601849987001,3.5723847883539173,326.3023043254872,low
1388.5293918813811,7.306996644381144,385.3197603095187,low
8070.000346485553,6.852519475681997,20.519960497995207,high
6625.409870502954,1.5209779253652145,256.52342444591056,high
2374.924491694523,2.156757229739282,479.98941824963225,low
2365.818296522445,1.082389703052295,10.721836970316431,low
2472.630376874522,4.929941654537267,371.7120329340885,low
3529.7199999484105,7.676116540007958,304.7420411057156,medium
9459.430341909034,4.641251614230944,438.6691691596316,high
702.9406552801534,7.70757081040662,464.8201518523552,low
4793.877645881988,6.98251945758784,191.0471073020088,high
6293.642634700221,1.9074168362917945,45.067517849233646,high
7490.801315179059,2.072078748602173,331.22720984427315,high
5004.583804692185,5.78029737058477,99.84862481459317,high
1447.7856410736429,9.266880529643272,144.64835766022665,low
460.732029360581,2.062156219733392,280.3582760745711,low
5861.463063873052,1.71404739581543,37.100578287693246,high
893.0702298608578,8.335370570415654,354.99197114386766,low
8399.438072588442,8.441064934683473,82.2157343252567,high
3446.379238182359,3.6013893580003797,87.18688233162425,medium
1924.9926642217736,1.2191208656392578,363.69621591840354,low
3625.628892326436,4.998329091781852,150.15289843641884,medium
6786.617510312935,7.580628564477659,392.72283615773534,high
9340.680029349847,9.70481826856618,33.60829473910224,high
7261.326533716157,9.695855477963864,299.4037532824018,high
5287.371897688356,1.2833675214194784,277.26559392671504,high
9792.452833001593,4.061187303836004,197.9669606646681,high
4324.557234237626,5.568535955507566,97.3717162562182,medium
4048.20350348859,1.4337695607622742,386.5524073504136,medium
4934.729733330826,9.42911087136386,484.3717445042513,high
5992.321429103027,3.3606221245072514,124.82899302650814,high
6700.657923443978,3.2341229671542866,454.5803238998642,high
2780.45659158441,3.199908195917934,245.33933609312317,low
2955.095025532645,7.889268938951649,238.77036748541323,low
4744.095544578869,5.910469914736316,124.27686241356204,high
6159.925367520324,1.936449567750304,249.9629354018369,high
2510.651060056949,5.62895566949815,330.19836256225983,low
9184.38333056349,0.3971777018363596,166.86605709996425,high
8927.57667174788,7.76413320372148,169.25941465573388,high
9858.810526832309,3.454097120063904,31.69673258235513,high
6815.370774261286,4.938384188884987,77.1763601026266,high
7864.855532525284,5.497485268856734,260.99971402865714,high
9492.580726626087,1.0954826054370683,437.4306397889357,high
6329.319944702061,3.082484682679253,271.0943094906399,high
2546.736017337681,4.408186219549985,199.3863615720196,low
4672.32218932631,7.637547708285486,359.6659860531601,high
1942.3797240457632,4.532358254725261,392.0989692311943,low
3306.397389058381,7.846190255534302,186.62205819486107,medium
8864.058550913482,8.93822826291326,186.1779769314271,high
9696.47987012484,1.1434443480122949,132.0839853902738,high
9766.815104121975,6.001100439430703,245.73343875175252,high
7472.42845550569,2.275474080712601,465.6374682170731,high
3283.8939843242147,5.086700235532343,201.999167200541,medium
1688.2033579841766,1.57553413961349,173.96266524611048,low
769.0090490645451,9.75441036077114,266.8841172309532,low
8073.276846729248,5.475572064156808,109.35838448501534,high
3474.4305721187197,9.955750039265617,38.46089029247798,medium
6673.1266035354665,4.1347763970987375,137.12537441812776,high
8830.731116960906,6.241861379325253,142.28090985120446,high
7420.471225680852,7.486502905491765,352.670230338629,high
121.22014393400174,3.188260337262041,453.175957943861,low
4877.85548283442,1.9674867875026687,147.18974026098974,high
8205.916370142797,4.165891301260601,10.86239471098618,high
2998.400405692322,6.907124642600296,15.775096837431768,low
9328.78140525639,6.23179099362906,381.0077556824202,high
3127.363997710232,5.770588363381583,397.7444870609217,medium
5870.139171976406,6.484350118054551,444.5033476883038,high
3710.356063288744,4.277370489811858,204.9128556827689,medium
9641.081415216106,5.265470657970864,32.25406153593225,high
1465.6503288213926,7.505120755578404,280.3296872029831,low
593.7599348137807,5.347470750375505,325.5371613871207,low
378.6193028608957,1.9820252158228453,440.27138158323777,low
8960.820851749393,4.199976372280714,276.1474800013409,high
8253.200818024701,9.39539864539847,33.33841842102178,high
2230.983016702875,5.121113594760482,384.2281500260691,low
2513.4986666333616,3.5388536955243146,194.46545550201785,low
7620.945561125752,9.491741619449789,179.78713718898496,high
4490.732564687632,5.221724685575209,350.44692199455784,medium
9376.376577039156,8.181794724525693,73.78235062158048,high
8384.764444982533,9.574200190530636,165.00201383427245,high
161.15196873719378,3.8697004164332447,172.7118013820784,low
6511.168685433638,3.809558555102932,288.5861361630187,high
2470.409320982956,3.368626144573579,124.86560445754272,low
3826.899639664669,9.974779569553364,438.5443812982407,medium
709.1700388139499,9.441390625408223,310.9244890456607,low
495.0492176906856,7.385914205417031,423.7160467729114,low
1574.2458413657214,7.484265344172407,69.30991632472438,low
3672.193133323659,8.82944844302222,69.22037432320597,medium
1728.3013827508078,3.296595604413443,334.6080293069032,low
124.53652605583306,9.049201271648046,366.85942851980815,low
2380.186135807294,3.098757405040441,45.227155521032216,low
8020.543008963687,7.222481427221178,441.4101860747046,high
4057.4451617717095,2.0669735258659627,135.36529354492382,medium
8816.390382123298,4.804676525149605,146.78119459925568,high
5869.802807101606,6.000034131577556,94.68469907532246,high
9280.10061371304,6.7376111002817405,474.1565712460575,high
3245.3304575365964,6.790510791837897,325.7742329511833,medium
1306.7276371857945,6.716823851825325,127.17886675532586,low
2099.291555337465,7.491440707751774,294.5401724185803,low
5999.245566862206,9.419816757444565,319.1675229803995,high
166.03201683108745,6.502898689920909,305.1276450611357,low
2361.6688813147634,5.315030935435873,98.8778511334616,low
4389.678118978061,5.292096830860659,451.3669096333477,medium
6280.640996581522,1.160631263264909,239.24222196635665,high
6573.3923422030375,3.8977790018733423,44.561360848061724,high
1471.6015014329216,9.941225877047051,136.99874340292783,low
1123.898975348569,9.000739644610814,6.339590431930868,low
696.6840861978355,3.112758776523605,458.2193969827835,low
4255.087579805198,2.4280783474067658,460.4808348116068,medium
9762.892757559772,9.142821583197362,73.74453576728585,high
4707.735603317609,0.568602547435223,230.70295732156697,high
3973.108487488534,3.023344309835843,396.4576514380633,medium
5900.89908217714,7.0814167776927945,297.5009503018081,high
9253.162001484705,5.834730267964373,392.8874964670222,high
1920.1782132978767,5.771702409770588,482.75410382383535,low
4781.50017882074,6.684190304659458,326.3392109514129,high
3507.493976638025,9.27318846384496,219.18662147674112,medium
7200.642155436583,1.2618081988730716,417.0599251829154,high
3284.914363606609,9.387250241001349,26.773818519053933,medium
337.6725369814811,0.7993170315439881,220.1354175455796,low
7229.391005403221,2.05035797402772,3.9136608220799567,high
8705.177518849505,7.276946442386253,126.85709797516206,high
9482.85459925177,6.281894177236536,316.6543789358546,high
7911.186208671917,8.610259595170142,381.0232641889807,high
5729.8246748820775,0.7143598168747177,78.79716330756516,high
7235.141240933248,0.8326433163013478,5.141102161395913,high
6684.9128903038,1.4336220347926203,192.7240987820972,high
9257.526136747312,7.578322114786554,132.80782467033097,high
7868.977607701701,2.97072100288055,49.08773875103164,high
8963.676530606126,3.354541406068221,123.55545908483886,high
3296.731712821991,5.002500490123812,417.2735907664082,medium
1449.856647109283,3.0894581683948483,34.18405863392369,low
1324.1092717505703,4.059384880022765,345.1486729325784,low
5700.038445910377,4.931218873769532,284.07021117170746,high
8811.155460814418,4.901819752860615,381.007109731252,high
9875.339833022408,2.83346959486393,293.5386264481475,high
1042.9839111099486,9.408154350879418,102.85509118459504,low
714.8797135789425,3.0602641971073954,397.6648626416279,low
3170.0780485500622,3.650775738868224,247.28278067037496,medium
6769.240680606137,6.576129626688023,267.3974494907407,high
6371.05481604133,6.344594759773758,38.21816569219996,high
5542.37959274825,9.00207805186294,273.9278492792486,high
2779.9540475237395,1.23498094545175,202.52186972338276,low
2791.61754203498,3.4989470628572907,472.54467316707087,low
7657.704669651581,5.275308731461493,12.638453857597955,high
5690.093804191704,9.014796729818036,210.6460362800752,high
2845.777806664876,5.450962876892261,479.538969732632,low
3919.5897917931234,8.571160546482643,117.72734728221933,medium
8141.39305821422,1.5169746289010737,49.569317397874514,high
4709.232118711188,8.162518731861029,104.24219207476304,high
9046.67008241812,6.027472146542868,463.75171052522194,high
8404.081531281776,9.473796863766674,125.6916105108446,high
3510.8736490816987,4.413415986053991,140.6522755219992,medium
3399.4047391308923,0.7604035658220283,255.96998534781915,medium
7001.920514101924,5.536816738513379,159.77945580290103,high
7957.971812498117,2.332086031410133,104.12413402412533,high
9220.22041692001,1.853389786359945,278.5051944411349,high
3244.637380855308,4.177043784673844,155.13789990971134,medium
4977.30804631425,5.1494444522682326,316.5035662267366,high
412.9149854332501,7.94751373728605,470.4080629486226,low
2372.487781004222,7.983467259951989,219.27681108494068,low
3598.0883627477906,6.206091330916388,127.8823815332164,medium
7928.898635986388,0.7352206844073382,236.01874791551265,high
532.1862112872483,9.128991845462052,267.30017744698546,low
4699.020089279209,0.4485479648090631,444.9189387555103,high
855.0861484906088,2.4726758493036987,176.51488019702984,low
8011.428325513581,2.479409306256047,167.04332995143977,high
2835.8825527374174,0.8584768962901977,450.93538971445855,low
222.712712626293,6.331762911319092,201.24368003523068,low
4003.495301409936,1.6705892996025673,64.61813573107645,medium
5424.08990612383,7.69438985538606,118.42838574888648,high
7932.719959062516,7.231609883286856,271.8791899999265,high
6890.690697161711,1.4817026518323122,365.99299016418274,high
5727.684583111374,2.20173013653355,466.6403904185556,high
1280.2591552752986,0.4504550601598442,451.6552202483135,low
6756.544753517267,1.9063220570155404,162.7740603762332,high
2334.0880974686347,2.189946260895385,360.9666180386191,low
3401.058529449247,9.551487201858915,370.0565765441236,medium
4031.787193965316,3.5843240112028765,136.39626713031134,medium
582.1128541322621,1.3447664525268856,314.51065109415794,low
1050.0080602140624,7.6669604741481985,275.76580030678514,low
9071.660040767394,3.720994722234068,76.23384075912752,high
8612.240591308851,6.953450399971624,211.55997338752323,high
291.33123063014966,7.108130905308656,330.3343288909889,low
3056.3585504107027,4.175408238323006,343.4941295211385,medium
333.9774357663438,6.8836333776419725,15.134315373577872,low
8434.642898435563,1.9054123136582124,397.5121135282957,high
969.6259213522532,3.0607323947091536,194.02640367731487,low
2000.2457606461896,2.311875483944908,395.42385397549367,low
721.3200899266831,6.512311843243334,463.5688233366352,low
6517.701604390432,2.807347267958788,61.142222637914834,high
7198.342791585887,9.51894910520078,28.34017285726699,high
9043.008821817351,3.584969985750472,286.6098067727473,high
2042.36428223538,9.649605602986693,480.6843716890301,low
5255.4115724034245,7.188949719029651,177.06530958977046,high
6917.079623827804,4.753897351100169,491.9842202954911,high
4225.374341703781,0.4612577323866464,371.732169658616,medium
1027.7078308903947,9.102229314974638,367.850504907492,low
5555.262257863886,9.095539835630902,126.57799101310997,high
3962.397806891224,6.2990973917327135,199.28338354081416,medium
978.926078322156,7.988434671282865,179.345764943955,low
9564.315640126286,2.160149645163282,361.7723203951208,high
4768.800754680755,5.538169266514324,469.5734221825985,high
1880.08794723635,2.207809014396252,257.3429124879425,low
2445.0569314897616,4.01042906227109,257.8549527001859,low
4537.762785488242,1.5846564578621465,338.0454764760973,high
4530.49195689667,8.659378036860788,215.47038022274427,high
8142.815876287936,0.3659167487852033,39.02974937617709,high
9930.55796412088,6.101556295802481,312.3993243487263,high
8028.666015696703,6.380194156277717,230.1837369042165,high
9079.157371163055,5.526759042396258,10.781742308233916,high
7698.865866202146,6.848979164985321,404.0176154794589,high
4433.616002873807,0.7975383087514695,155.37068069647987,medium
1382.7850855733518,6.656350883807877,366.7849804979637,low
7348.531882244032,8.68775588327676,122.63309324547038,high
6270.4642773724045,7.832703109485044,265.17112622989976,high
8224.390484533435,2.5134139608232458,95.44801394350716,high
3231.2238243152497,4.625248702921889,212.56026847726716,medium
9694.607289371454,3.1599078987736706,431.7702479652365,high
2906.9356499785536,4.739680441134544,314.5292024413925,low
1281.7236913697066,4.75852907746003,328.95787751472096,low
4779.352619685158,2.036378000449313,449.8460443548116,high
6863.282985862086,8.770785205209329,2.142579485583501,high
3026.6837113884226,3.2686087137648188,397.2364619018032,medium
3245.4215242692526,4.831155027225316,80.310237731396,medium
7250.967819860462,6.0430571639070365,180.83469460012125,high
7889.548688215578,5.358577201595631,201.39659680988672,high
7252.823917078107,0.4990630135919386,40.83701765436507,high
2327.696150522144,4.5393238893952255,94.69783825859736,low
5217.346619912977,7.557529580702831,487.7630880724501,high
2683.5419903474544,2.61673844276387,20.727884980748158,low
8501.609229318528,3.815305724807318,150.08727998532405,high
592.0128027743053,2.0537861969029203,188.67752103236663,low
1207.3769611565046,2.943668993148023,143.23740909683534,low
3766.296256622145,4.714353374099027,76.21660638492023,medium
5344.565851389864,2.135101711850889,95.92620887143548,high
9161.55266941037,2.1536851720227386,265.0508759158204,high
8874.274828749187,3.149188350040343,245.42824537760896,high
8662.318312199439,6.064697810644527,194.03874345062465,high
3676.3135072441632,5.122395864190336,482.1022321972693,medium
2201.4647180967536,7.516242549392447,239.32666127216828,low
2964.9885249228,5.194016909472798,327.3552366004197,low
9558.94002498802,6.64414986581634,444.2634115931971,high
1372.6822229843042,6.003939137737679,19.78668479447166,low
6916.442135778498,3.745788882173785,196.0642719940287,high
3855.203425722251,2.874191176479635,268.74536263438284,medium
1775.180539684795,5.86072950958255,478.9604806043647,low
8926.303816939228,4.232988104232348,345.6921051446416,high
8031.704573591116,6.311425451729342,136.61031779573625,high
5122.191910847316,7.747364713127866,138.83353853192617,high
3437.4347443326164,2.5750507710301638,184.9302479890137,medium
4936.70973418059,2.3507794934940973,52.58908674831438,high
3083.029097222062,3.1913376714920507,191.2197625400722,medium
7137.682063344229,3.8218588881404023,343.145468995762,high
8861.381437098098,1.4416875095706192,157.25581519269733,high
9102.045653160892,0.1577267527678414,197.77701617741275,high
4376.095290454352,3.365452569462409,361.5777058403052,medium
8115.011872184395,6.188509868885308,469.2236581218745,high
8203.87206413213,6.202543403162394,314.6084109868788,high
282.1110427815757,9.50635719138007,176.07927918405173,low
8716.572861312727,7.270198724690021,466.1109946068676,high
3439.0501196810487,3.919124142444279,295.78323195900407,medium
7496.165450035263,6.655778728785437,149.59763175365234,high
894.6512930740546,8.42371652416492,408.7013590244048,low
7141.479525594349,9.652317806952157,2.0588862467913724,high
8136.598920415978,9.857667245536463,207.9941639645668,high
1931.9683464683708,2.031567543089196,400.74800667931385,low
8993.630711424745,3.971692983542044,316.1978414821226,high
800.83799158514,3.049084656868669,335.4154532926708,low
716.8845946447128,3.025260244827886,30.944920666315227,low
2838.9682550623265,4.009956279880193,468.72372832155344,low
4198.956199905963,4.988370215602552,207.0163768589291,medium
5839.107985532194,2.706057671133661,98.85094309806016,high
7183.380823187977,5.012080306440915,416.1217601228848,high
5011.13158875909,9.2381194765066,495.5342629976134,high
4137.205535986667,9.071935433380526,320.2419352853238,medium
3442.7953717614446,3.2877596112790304,460.6607714843028,medium
1731.5977675181512,4.65874657878002,37.18577406445527,low
9493.370830762176,2.62052341944796,227.1167234951428,high
6534.021163293106,0.1255936460577696,241.33816960944483,high
7763.245747846836,7.48413813739798,161.4107586619131,high
7895.632304025576,4.915096982672885,126.4922933989007,high
7077.887565716714,4.778223132369313,441.9414823409455,high
6783.872364937938,1.210385452507688,430.8294470916735,high
6769.739039365049,4.478921170630231,432.5481193963693,high
9640.754221883542,5.87699457328552,205.68022969367289,high
9736.713165620024,3.486594297890834,213.4361899034737,high
1765.8929121609365,5.202693023415167,393.9841066821962,low
9730.004945849369,2.6047428069078,282.81684386012347,high
7625.418431347077,4.709586502307976,103.75340537029707,high
5754.463121770777,9.481834506544502,83.37791093040919,high
6752.415793963125,7.287740781853554,460.88430556856525,high
7439.701218708454,1.67691821342183,270.576277974928,high
5831.62067063201,7.451103330448797,295.0255519951658,high
8463.989699830141,0.7134084075678329,93.8289636440625,high
668.6297095117094,7.883841601525273,331.83766639633257,low
9999.913145193015,2.1844059124705497,33.90246998436257,high
5861.01442475129,2.1694712921461377,216.4517327817978,high
9255.519574843223,8.50630032173118,265.42197688019183,high
907.6215193764938,0.6423530015421541,476.8770879300184,low
7715.509448008718,4.712751611292602,469.1273815094088,high
507.9277302677348,5.919256067625526,432.28405299915454,low
927.6269906260726,5.883212184272496,74.12971243032986,low
8889.252516564862,1.2580477763200364,311.74830659562883,high
5254.53773256646,5.433167450732048,364.8956417054363,high
6040.691112424195,7.069146227910535,191.51750116037135,high
7784.275103973315,8.342932449060893,55.857794921192216,high
8964.531365379878,0.7989128184177263,398.1724413969717,high
612.8247084168207,9.741846599411776,106.15250979057232,low
7238.541379101282,1.3005682358926518,15.48888068484677,high
4097.083435666915,1.0723854399512762,102.23636088343945,medium
6033.2132437319215,7.71362864066083,272.65836866737965,high
5162.221997598324,3.3012083492794924,8.483543423529387,high
5300.598028245489,9.03552099396997,66.77253115907382,high
1904.7470507637947,3.383049767015382,134.00298833872773,low
978.7603913489988,9.349104589436674,373.44249089237337,low
9426.782880047942,4.549890255730293,42.885837841109165,high
5325.8400369476685,6.5870423955561295,213.79109357222205,high
529.0389542286455,7.409486105161541,380.5669040171453,low
7454.87817181103,9.892400840879631,371.2466684769839,high
3623.285271918416,2.7123537858110263,113.06333963992324,medium
155.89587165513996,0.6335917129392129,72.06303793891313,low
7822.355218589077,6.699767625980903,6.880434398370101,high
7136.5720342144605,7.373037198676187,116.23368795383745,high
7059.78412871926,6.608817784468273,277.12784613973406,high
4921.97755087128,4.967565849427099,487.3433222446513,high
2537.0287227352146,5.034770924090273,135.96960741198302,low
8619.40445039391,0.5221712564969718,58.16078109669943,high
2261.8329622732995,5.627356528042574,117.67186197815155,low
2464.462397827255,1.6289022116912415,191.2736126996059,low
5176.983221091018,5.268063103302235,146.91195532284044,high
2325.1139684331147,4.266922851367857,43.50023129971458,low
2913.4230922846336,1.4949103035394002,88.64617688980722,low
4990.267594950414,3.473430012125537,219.6813748425514,high
2048.154633166938,8.767701152465984,137.55112224599986,low
1528.092430488491,1.0200990620194472,144.30430062035254,low
9075.225726957222,0.7510355562530101,471.1218249479438,high
1038.809926613967,4.034469660280419,144.0539523185971,low
4203.476020202736,5.840190824831463,343.5564334946894,medium
4976.440272767751,2.735605554087116,421.6882520378159,high
7769.308141893135,9.15676796465758,369.60977900227545,high
2034.2742323829443,3.605680745983256,233.165504159036,low
8306.865329602586,6.3711840336266325,463.97331290781216,high
8725.0870919124,9.396386166255391,96.30505432972296,high
7521.9654423792945,2.2433423881638506,458.8271314594729,high
2846.4591354263907,1.597965208129818,265.64564036016725,low
1277.606017186693,9.956367729202375,374.21333906900287,low
6332.118846732822,1.951023026380016,340.5374286847687,high
6807.885536239136,2.4380317979964325,480.33977729308185,high
6019.156790560767,1.6592865716369642,176.84635249854298,high
2895.227040348794,5.165852120312282,317.9513493191956,low
3109.4447635098704,7.485482771340863,262.9028626140198,medium
8931.609274681749,2.517189376024988,329.8241343789793,high
4054.9721234247386,3.9106060920071695,15.312037690642317,medium
7160.124874813819,6.533862360244177,332.15395518457285,high
2564.1481066502074,2.8564002819528045,147.83972991009023,low
6767.778400341124,6.065104600762761,8.303291308017014,high
9217.597058347588,7.282647796230154,290.6434340466544,high
5828.451571702328,2.007872646404942,341.5860021604827,high
6265.556411735467,4.080596291850287,27.537543774262364,high
6137.480944524865,7.058851971255908,211.4490822662893,high
4599.125595935407,6.409401726192264,221.65123699723836,high
7111.238046328318,1.5155275129914971,195.2940792736657,high
9618.564064826884,9.264773142263037,49.71710661377001,high
7977.529999085075,0.1939501018157814,281.7113349817377,high
678.5205466466971,8.67109445460108,108.7964268261114,low
3822.103881399887,5.439158872684039,207.05899585177005,medium
2345.8735465111017,0.7315684798281257,58.54470512084846,low
9113.597832678905,2.46980011872439,310.44409790600554,high
3360.7860899245547,4.680349752573155,251.9856698778119,medium
2420.727908273632,5.909029176129459,20.59893514195289,low
7880.352503524441,6.804870905336689,395.3170826598197,high
1973.411858637748,2.963693236300233,349.2097735059034,low
7677.891064086937,4.629679170612798,364.23974098902096,high
4265.7691252388495,2.081526293878988,50.70615525564067,medium
8395.731530430827,5.348825029119552,458.2403626322502,high
9407.146982608365,8.609411488884758,432.8735469726036,high
3761.4364182155127,1.1731533496594189,323.5761565299852,medium
7070.040649703058,0.1653219221507438,471.7068798891148,high
4921.51106916535,3.9556051143949,30.55429935807968,high
1245.9814353509323,3.658817791016192,437.0549220526174,low
5037.523650417117,9.697222526556695,321.3098640639717,high
1802.481708481627,6.795842196573503,440.498640413497,low
1296.8102323346727,6.467584688430131,366.59649829469487,low
2569.370942821309,9.323965595881766,106.69031041510114,low
2394.1529865103576,1.7529905493392095,180.76589402972772,low
9208.822731751108,6.118256446553486,302.863313832303,high
6737.541142767569,2.8572787986305137,389.6325755395227,high
5849.802479716569,5.225699470423429,464.46491584443226,high
1085.9845414545962,9.935563250605796,282.17689492969083,low
9594.55777124878,5.164044039751578,149.56264950575576,high
323.3964191237121,6.665660063331955,130.65418695831534,low
6806.169312267402,1.3567327923898,47.31284646891738,high
3075.980140615078,7.19469799853544,369.7463452949135,medium
5259.396892057228,5.292646753997761,43.448883902628495,high
3956.520736251652,8.19900888101418,478.0717361745003,medium
1371.5719424528747,6.422076053144274,119.1574105680618,low
3468.2506394465254,4.3194335832787125,211.951989850529,medium
8498.055874745287,9.23307961120977,324.2384800342068,high
8556.478960151924,8.792777339557079,84.1388415570273,high
9508.900139785466,3.192784231362878,368.3207326258938,high
5998.399604271224,0.6772635536242116,494.1539993338236,high
2282.981652242909,5.803212463025238,470.2907434653105,low
2436.7641341184626,4.059025164227506,415.5768140260659,low
4008.2949702535034,2.7406318836070445,290.51935386906814,medium
5494.539859388511,5.197087116969783,410.3639281550461,high
9062.625928409188,8.569561509974227,305.69551990900555,high
9653.807337460948,9.873179008154262,138.33430003851342,high
1899.2943148421343,5.325821234918586,270.76918583638843,low
5893.84968442641,0.686868080793146,47.553156532969496,high
1004.8934960111447,1.989558028007264,446.1221387467269,low
9222.892435576332,0.2442043163754598,482.5921115776029,high
776.9085282434364,2.3044519978587963,385.8206354111527,low
5710.193006028743,4.68348034213888,260.5908178064307,high
3917.992561696413,7.63841759510493,3.988798217764293,medium
7783.115923359203,3.261209403353538,458.79826338768606,high
1857.1658795357512,8.501573753669337,394.93871298637407,low
9857.696695978228,1.9957985852676203,208.81141701840232,high
9917.025125686156,7.636518518160856,402.83411165050506,high
7483.282953183433,6.6664292561644745,406.7573746509858,high
4486.190551297624,5.835299728898805,291.81195400457847,medium
2136.568442409364,7.445315386514871,253.74299593564504,low
839.8221360045953,4.96633313573432,225.84115626603767,low
1016.266431809108,9.94156879223382,17.61994462508012,low
1495.5943934457323,2.4188975505045955,424.10799322071614,low
4709.5850457508695,0.4345412256841611,338.70420703472234,high
2409.048093220488,8.958457564870766,178.13213055351406,low
685.4201649464934,0.2589181966390506,286.990364565514,low
5848.248479264923,0.1206337578013854,314.03100123690547,high
1498.2283442493174,4.562260079483607,191.9111438860073,low
3129.6882467789105,5.1126793678670825,313.9443584214255,medium
4099.5167610438775,9.37796703678236,276.12138426661465,medium
5217.829469157975,2.8018331678529425,317.0467152228687,high
9983.734003486255,7.15308820692518,419.1567695352831,high
5272.088109352279,7.108670227465883,370.2992785442993,high
8314.438341668427,6.855711911170873,191.0310123303509,high
6549.934922542069,5.623021639217432,403.3944542428447,high
6684.091874494744,8.575414747131472,430.97182113977067,high
5207.933816672885,1.350578002137063,275.8026192310553,high
9235.371192360632,0.8427585098204565,410.8802393721388,high
8470.761881936707,1.8276451942312804,325.6428319829638,high
8432.927520280713,2.551533503194101,290.51590095692325,high
6065.735313876733,5.868255764673168,429.7524943838279,high
987.3240198533616,0.8628818596972807,288.3160171359157,low
8353.44698255494,6.619292514771191,305.57403711985705,high
1666.4215396376997,0.9741585900054428,292.8178066547424,low
5637.510802990135,6.074803177287165,260.13310008543505,high
8806.832488778393,4.63701323530208,310.7483865592327,high
9563.620521381275,4.89669461258022,329.3418710880727,high
2392.369369027168,7.538628573722312,230.97379988832307,low
6036.6527968436985,0.2382705123093877,315.4010531794433,high
3079.8781455705675,3.6883890127047136,69.13158165284578,medium
1066.407322623132,2.086525589486081,279.20444005858974,low
9744.70168275304,8.271918338513787,495.27267167852,high
8921.469458820598,8.879467622592824,54.087487577597415,high
560.510763161105,2.33671276960548,152.23037788807653,low
2791.882702288476,3.289174843179066,308.3439382747544,low
1689.5627727046435,3.8991123747414864,267.1554214897178,low
8239.799485980519,7.560207105725831,287.6921350606862,high
8208.039111194006,7.471794809282329,297.32894598086864,high
4714.939735902558,9.852125009195978,422.2630638579738,high
4485.340468137055,6.08510177571365,97.65474125581989,medium
1478.5207830437046,7.600507703625581,76.68155682030998,low
9284.815503705488,9.09144876116204,178.06758310129368,high
7363.162882684716,3.9750231900919535,19.51425926502469,high
1712.3839232008593,8.060574523656417,298.1471180569541,low
6264.880442176311,2.1520495101812678,37.312668521050746,high
1145.96169988048,7.061031727037793,259.4346184040374,low
7987.312969879349,9.987526027000303,492.1855625727638,high
8911.20743069856,4.7499654706979415,432.0512519954768,high
8381.961731875332,4.822652880823738,57.957066049918446,high
5865.973796746255,6.430970134475714,93.0218649468908,high
7086.334825586641,9.85581804293962,188.1729699066284,high
2801.523811382096,5.925299053863282,352.46683809884314,low
3405.050254885038,2.353113841303593,402.8832920825093,medium
6475.762303323165,1.9430066000826751,459.171014503296,high
228.56094146488124,9.117078198797486,280.8537516511621,low
4733.477533051102,1.977251947592278,295.7893841407293,high
6797.545405603706,7.089914779012486,251.48971076376787,high
378.37280310533794,5.258125024160318,48.55815415209219,low
2506.7409078944934,5.201925981518864,490.6862587552752,low
3190.1032891038203,8.642755732265424,57.20007853133336,medium
9962.94495597964,9.082852165761269,105.00520484387248,high
4618.256866785697,8.956942814533909,143.59139174558211,high
7073.563152897275,8.98817604128645,63.25497556638474,high
3335.06665373676,2.4714347106491776,390.3886744924906,medium
8092.23079539349,3.114911239979077,183.68980232080943,high
786.6042370553989,3.772132913329155,311.8522071093875,low
9643.073839629027,4.147629369878961,292.45591727457725,high
6400.516253763047,4.921932732758839,316.98453031397145,high
5925.350630783749,3.415634458851685,338.7187731009716,high
1321.7564710227953,6.987694091055599,221.14411683421855,low
1671.583181420306,1.261740699321497,274.9334714979745,low
3354.0518580297007,0.856685881555533,183.72679568763556,medium
4922.425488330863,9.107026070417277,213.0691627395248,high
9922.876389132276,2.5126841373643494,455.3789518964568,high
4658.184396705125,6.940708130272737,214.69875263997704,high
7382.944399404148,6.332715758728895,203.56935127214385,high
5468.969896357595,5.185060236338544,175.81519854140427,high
7799.62121916771,0.4148066218487432,490.4679973684361,high
4317.64352590318,4.643437295154669,80.65245807850599,medium
9208.022349314308,2.665091167246849,68.67630432998989,high
2128.267678681518,1.8435648855745732,322.80735988403615,low
1470.9691568494222,7.691240670000358,292.8923206706143,low
3348.581118728201,0.5961139121957202,211.66944859523107,medium
8541.918648183517,4.116009471189909,440.4999080306664,high
1007.334918794108,2.4425369673819146,383.0696730894282,low
6989.59284452963,2.03693319378025,85.64531444747432,high
1267.9269950501405,9.883386574236956,264.0692120456457,low
244.26307514908032,3.2190491922608424,65.21986755459834,low
8512.150792226717,7.02380976898095,47.59745354472202,high
2992.981428109364,0.1470249549860247,307.02556867366013,low
2398.9585663804414,9.017341381638335,476.3117291053051,low
5502.777057599123,3.840442101685141,398.0932170684228,high
2033.303814191216,4.048022929658864,329.63598390459754,low
2748.937811925702,8.434250133070954,100.15482211633255,low
6229.740706698839,3.840937637719253,37.114648382683,high
8808.44716777689,3.8951149520599206,32.93720182596688,high
3344.206400808044,9.881205669605988,100.54046649538112,medium
1446.7104707160286,0.6187302490567979,347.4806945843214,low
8109.462308118302,9.01650112056047,461.5717073961866,high
691.6474059744286,8.98628481430448,414.41043139678777,low
6588.2760056237685,7.580441757767973,36.59235562593419,high
3730.825953401408,3.0791879282380723,23.269405115044584,medium
758.6536445007671,9.398715502553452,50.78377250927851,low
3036.7613137428807,5.9937218827437935,391.6420175550121,medium
6073.744292300628,7.200441940866448,196.2972935133216,high
8716.38727906059,9.188995407400748,126.84014809829849,high
7338.535295986156,8.45744952637085,383.8098068384971,high
9533.426028510725,7.418480018658234,409.03957864716375,high
7766.076000492921,8.477244635029031,332.40366905859673,high
7718.850002006092,9.32045309085044,455.21802538609336,high
600.1756819971554,2.657542829184791,473.1706457462709,low
2223.175749602884,5.778459738720208,479.3987372445069,low
4690.633630646421,0.948347154180542,472.0726293096809,high
9635.24549537972,6.009289496305713,247.4052750733329,high
9705.199386683173,5.390385635345333,348.00960645445235,high
2120.73174863344,6.388796342599014,355.7175560814389,low
6906.412035577302,8.518174744717978,221.77503670826675,high
2311.081078018879,3.1897861091730757,470.6152325533096,low
5131.427087795509,1.8691558389483,343.2539726860497,high
6740.179198403692,5.824057892759946,464.2924016480041,high
7564.283928592761,1.678043204631651,45.78196547786325,high
8374.317826620643,6.274131939548666,116.95691470217052,high
1730.7102960396794,0.6977712117384384,85.98558205431651,low
8563.276075672653,9.152621011778578,355.699307447493,high
6175.134353507936,4.138944314892671,62.51651383558545,high
1973.9479172921504,1.682418499445225,203.41326722678437,low
9534.427848085708,7.26603061967225,245.3004204363148,high
7755.140246886753,3.112584439188965,321.5542729399732,high
6592.452623260641,3.135001528650467,261.46642244998435,high
289.763751229803,3.070406740381823,336.8212588386113,low
5268.0556873483065,6.274291464255332,494.2550715757408,high
953.7103883626584,1.2725871469965495,226.8889371030837,low
2059.526961808015,1.8407790482942967,351.31929448342106,low
8119.224720423437,1.410579301754505,124.64689728277148,high
9559.947702414554,4.5996646177251845,496.63883311079337,high
2043.8865853514212,4.537574568618202,250.10759718885052,low
3092.9776797706168,0.3715325193061763,189.23472623375108,medium
7031.233464927111,2.9177805662954417,104.5556427853384,high
7460.406881856154,1.7253554520027286,44.35840575714,high
1493.1515465695877,9.316334386303073,222.9202104203194,low
4777.365042734354,6.838455579401708,137.1135563091883,high
5390.549966170913,2.3785328594311146,298.06092229921893,high
4059.50213975247,2.170457668718974,303.96207235995644,medium
1078.8088807002412,6.491419117055852,487.0266075048261,low
2807.2006582681947,8.03301242114822,369.4255972638807,low
5506.145678059701,4.827873053269771,15.64216383946774,high
9882.800139720848,9.47985090531967,191.00760702519605,high
5654.385579714936,6.846362468700279,81.83801831045191,high
4201.246964648826,2.8314715706543088,317.8024111275583,medium
5795.910144732903,0.9782682413315352,413.3086507625008,high
4196.836572742569,3.3004711594412868,383.2310263053338,medium
1348.9782365756105,4.840440977591648,284.78853816772096,low
5801.105527589964,7.514826926697288,413.0293091753479,high
8276.406672661691,7.672097034413992,223.43161141574384,high
4971.610031706865,1.63388196215132,9.618120019207764,high
3993.548318474855,2.1419936648352342,449.0285417781696,medium
8158.590815679678,0.2981644361552698,156.19858961496982,high
4421.980164968671,6.515697697323509,130.0854099775524,medium
7981.07080662981,0.8386820610282659,219.78865282942093,high
3325.6927095383203,5.134001893583781,300.6136671588642,medium
4130.981392870317,0.6772389159232604,329.80189169181926,medium
2766.000093315023,8.052843880280701,344.5584275180947,low
4389.420823822673,6.8280556525922655,302.16819783672804,medium
3742.879959974696,9.530056770381108,167.53812923619645,medium
2574.2743402237825,7.017973173489397,108.53725705444684,low
8201.87831806795,6.139881389464598,465.52317750711086,high
1137.903354207085,4.2426726127226,492.35945315936607,low
2736.5358390802376,5.521142134225991,172.52862736105138,low
9756.89500240797,7.440455670464656,460.3927793479927,high
3513.1338130997224,5.9726480368912656,84.80906533732107,medium
8227.085851217464,5.565398267859345,128.80351997918024,high
441.6891583559898,5.005438419367736,312.54206984457966,low
6776.728222391209,9.801234121475638,206.5071767510437,high
9816.244577960308,2.158102684464823,336.9197816870471,high
6516.397622572829,9.90889553392547,432.12556979454274,high
3120.003430084162,7.585809360954201,468.9166636990311,medium
5558.953565357245,1.9058857860285947,189.8615137888032,high
8124.754912408235,6.153353290849275,374.018150534149,high
3518.953621715352,2.285929242999151,9.87559196353472,medium
6323.271468670515,8.020653345933678,144.6368252816821,high
3374.172169079567,5.698064446934,18.39482077901405,medium
2395.847292232932,5.780297556353924,88.23963851734058,low
4661.830950745973,1.0975921020684392,426.79512589869904,high
7642.714631926072,6.637146688392739,200.92224215413808,high
1911.1022999148524,1.4292665278051058,172.75519510296817,low
8597.266787356506,2.1798222338780806,430.3880558087797,high
4282.916569527454,4.698987612952242,150.82056152599816,medium
9031.143340512072,1.8656419584012904,83.53719913648416,high
8145.800565898518,7.257032658582594,73.64934908186993,high
1907.150360391208,2.363766943278326,73.3143317301474,low
9130.989503531207,2.566748502416721,304.4891157481078,high
7571.548246275925,4.66520748228161,183.68034724547888,high
9057.26266802434,2.89237058584048,435.77407477942006,high
8046.374006074527,6.866477332878561,437.3655525068569,high
8314.038375916636,3.198430543311911,212.3945553583952,high
1814.848135939313,8.028499829382227,282.63645510226354,low
5583.515053351322,0.8608556427407621,227.96633651994395,high
2484.222961967508,2.8861259256804463,40.02608675487362,low
1918.282993783948,4.568113371864749,266.80793891151865,low
313.24765556327714,5.918701388520082,330.4095414320115,low
2634.895542850176,4.395529281454873,431.3401582170905,low
184.9240257857277,6.598352316875296,157.1392321951641,low
357.112294605074,4.071154466603038,56.25951711143076,low
5563.7426005000025,8.577393680287582,76.53011201204416,high
6394.278744322128,2.348391407196452,450.7453509598248,high
5265.59167924018,9.874574267359645,448.7881952266815,high
9138.551813448435,0.8139721962761963,442.418985545868,high
234.1299817403817,4.529171559320816,2.3634177737309896,low
2521.936551471664,8.861682542751323,41.08536900023626,low
1036.919252639012,9.41426682533182,280.790803631454,low
5167.76492794513,1.8530263502535165,364.83625137808144,high
5290.554484321455,9.523094959600227,60.77298573411337,high
4341.758666992189,8.115848854039585,313.281382803459,medium
4900.123546893151,5.985200401663713,356.75957459674515,high
7455.220282172232,2.6644906189371698,372.640164171002,high
3394.455680439687,7.993085559346382,364.5761487584493,medium
5998.420379084858,4.737271000627307,461.6182261364911,high
3894.7944390750777,5.349941755192129,496.28438313862665,medium
4580.057152100339,4.094218940376587,371.3782316438962,high
5797.198125700214,6.575051191084444,472.3872995589875,high
7895.168297777164,4.496862191144069,445.30661984813634,high
958.419746265702,5.988963429021784,314.47918180120206,low
6428.228237678218,3.654856463251933,206.3241617471988,high
1711.9513933659798,8.576534318057716,24.45424014228132,low
2073.9986353718414,5.038290459598377,256.66325943321,low
7265.912167323085,5.3532858980963045,435.0499268416957,high
3762.531964689602,8.337775563339399,127.28432119590695,medium
905.8688460234066,0.7503887287880343,63.88572409467596,low
2798.849270121464,3.023637691689703,214.16890911960184,low
5435.018673540632,0.247460880737549,13.22119333994953,high
8864.699172704726,1.4451984300613163,467.2772383485991,high
1211.7596203935495,4.70533497536727,194.64901332850064,low
1298.429803173494,8.681437131340706,95.342391195845,low
4721.406984027105,6.25265418369694,318.5804868182621,high
6316.777803999499,7.792444021297962,127.05448335964384,high
3275.3680607046103,6.234499810232567,37.1933742654028,medium
8274.988707742286,6.8914734208556645,291.03497444097343,high
4885.4271618305975,8.398224645920308,457.61957823119786,high
5088.362055802645,2.7159653796740644,25.51726355710501,high
6696.659702113619,7.996002609524545,228.58949229246065,high
334.7211079741178,2.1126084797666125,123.12528114291617,low
3147.6961518114103,6.177648465629319,376.17067628134566,medium
9433.6982304944,1.7165723531320312,276.3180560360576,high
5733.297242621178,9.47639273559419,347.34074892790545,high
2631.014191597789,9.145003711794375,465.3541641338844,low
2133.6053840749864,0.6923017284091483,353.4435669695638,low
9306.532066462196,0.8780798619016651,219.6900676392825,high
1470.0745802646325,1.1464965194531338,448.9254653848487,low
9967.587513245138,8.834403072184864,390.68486000710993,high
9184.98014368637,2.7468871674065243,470.7170577352082,high
5335.305944023231,7.630737307564146,408.1137902625875,high
7638.619275736762,9.624112800057672,31.35146086759984,high
9798.149845914291,7.545270943528775,331.0746156274705,high
9659.71950651497,6.495273588381508,379.5950471620772,high
3763.4626620561367,1.660189502169524,473.1032115196037,medium
5021.5542606400495,4.772960644553499,149.1166988304796,high
858.3588265854185,3.6975391133201145,117.20372912312035,low
7418.103050080324,8.494229581819654,473.450083781833,high
9143.04241441562,5.004835936981457,50.175372252624,high
314.4890042453842,0.711578014360918,40.716989888176,low
7617.154544522551,0.8780123308681932,5.8033564367009545,high
9807.60165880068,9.779934916027624,37.139507836964896,high
8351.534431752163,9.566627617837735,441.2025388131754,high
4423.168746977415,9.347604660161476,300.0318911391106,medium
9355.819015219146,4.9055183078387055,347.11085584148714,high
1537.0555643726966,4.206353165265101,403.5054870658512,low
8689.502189963674,8.469882474585345,490.8109889690901,high
4726.253713183018,9.01972326090436,499.2683713753234,high
7990.911837107219,1.8431413960930745,241.24233551193157,high
1682.5035647247776,7.889422717283683,191.12036395244985,low
6528.038566024665,9.95652685033105,323.14527860070166,high
9432.233356777984,6.498958895447197,481.677531887126,high
7960.165324910025,3.66979794078471,1.5707417196468318,high
8277.260234817555,3.209424644157964,175.87796285509674,high
7275.072654936388,7.926275654216861,82.18953614261665,high
4983.403645954275,1.6788150406238032,154.727476395137,high
4797.852340964373,3.669466703794861,207.8633158536244,high
1301.8622067756996,7.524332551596246,99.71098366788604,low
6654.169663194394,7.239718391127536,414.3850613189159,high
1813.6692395797504,5.447398340069129,321.994877518876,low
2216.674543825849,0.6505914439061725,471.9200237676751,low
4029.345537049496,5.4348346265534895,347.77285011506933,medium
2832.3870630948195,3.906190219335196,90.18232289246234,low
3596.9972133663077,1.38931624772258,265.73252153469406,medium
6011.27597051168,2.1137879634528884,23.356716047260004,high
2491.9572739112714,5.857069580216037,76.16305677207606,low
453.8722826953237,9.629309925202952,338.1250264217629,low
2030.3160463293711,2.642768506479642,39.2602736514227,low
9047.56007583391,3.599935043541204,212.8697910779077,high
4903.680204856741,1.0077968120326932,402.6123176106983,high
8288.862998488552,3.8983965908085496,136.61435070937583,high
4912.4725179873085,9.550769579746127,162.79188478690725,high
4059.441242537073,7.720951286744127,307.0327178386598,medium
709.617165626516,9.776753582519332,263.21288065799274,low
5129.77269834487,7.0454999931875575,297.5985553533129,high
442.2560886546886,9.660131025588244,33.98107628690383,low
1705.9572723157132,2.5246114571676115,217.52633501379012,low
4404.324915048737,4.38752316316949,98.53563013634631,medium
6150.642755061249,1.7521452311739731,236.12421092379248,high
4101.371591468342,0.5046137422668969,327.706921310741,medium
1461.323796464556,6.280489795495001,62.23931382134861,low
2431.6799798796874,1.314917866572751,318.1843666759956,low
3464.340544120883,3.860897864717699,488.890102932656,medium
706.5513358955731,9.80814572298051,44.12960234841685,low
5797.430101537139,4.599300365173504,13.17097254670255,high
4324.765913130264,2.9901660810806425,192.78841191363472,medium
